repo,url,topic,geography,years,data_location
in-rolls/anusuchi,https://github.com/in-rolls/anusuchi,caste schedules,India,,in repo
in-rolls/ac_shape_files,https://github.com/in-rolls/ac_shape_files,constituency boundaries,India,2018,in repo
in-rolls/electoral_rolls,https://github.com/in-rolls/electoral_rolls,electoral rolls,India,2017-2018,Dataverse MUEGDT; Dataverse OG47IV; GCS; in repo
in-rolls/electoral_rolls_assam_2026,https://github.com/in-rolls/electoral_rolls_assam_2026,electoral rolls,Assam,2026,in repo
in-rolls/electoral_rolls_bihar_2020,https://github.com/in-rolls/electoral_rolls_bihar_2020,electoral rolls,Bihar,2020,GCS; in repo
in-rolls/electoral_rolls_up_2023,https://github.com/in-rolls/electoral_rolls_up_2023,electoral rolls,Uttar Pradesh,2023,Dataverse OG47IV; in repo
in-rolls/delim_raj,https://github.com/in-rolls/delim_raj,GP delimitation,Rajasthan,,Dataverse SBF7DP; in repo
in-rolls/gs_meetings,https://github.com/in-rolls/gs_meetings,gram sabha reports,India,,
in-rolls/ror_bihar_2022,https://github.com/in-rolls/ror_bihar_2022,land records,Bihar,2022,Dataverse BI4KZS
in-rolls/ror_odisha_2026,https://github.com/in-rolls/ror_odisha_2026,land records,Odisha,2026,
in-rolls/ror_raj_2026,https://github.com/in-rolls/ror_raj_2026,land records,Rajasthan,2026,
in-rolls/local_elections_bihar,https://github.com/in-rolls/local_elections_bihar,local elections,Bihar,2016-2021,in repo
in-rolls/local_elections_haryana,https://github.com/in-rolls/local_elections_haryana,local elections,Haryana,"2016, 2022",in repo
in-rolls/local_elections_kerala,https://github.com/in-rolls/local_elections_kerala,local elections,Kerala,2005-2020,Dataverse 0IUQO1; in repo
in-rolls/local_elections_rajasthan,https://github.com/in-rolls/local_elections_rajasthan,local elections,Rajasthan,2005-2022,Dataverse 6YPB5C; in repo
in-rolls/local_elections_up,https://github.com/in-rolls/local_elections_up,local elections,Uttar Pradesh,2005-2021,in repo
in-rolls/local_elections_uttarakhand,https://github.com/in-rolls/local_elections_uttarakhand,local elections,Uttarakhand,,in repo
in-rolls/local_reservations,https://github.com/in-rolls/local_reservations,local elections,India,,in repo
in-rolls/mnrega,https://github.com/in-rolls/mnrega,MNREGA reports,India,,Dataverse ZHF9WC
in-rolls/mnrega_social,https://github.com/in-rolls/mnrega_social,MNREGA social audits,India,,Dataverse KAIZ1B; in repo
in-rolls/mplads,https://github.com/in-rolls/mplads,MPLADS,India,,in repo
in-rolls/pai,https://github.com/in-rolls/pai,Panchayat Advancement Index,India,2022-2024,Dataverse FRUKWS; in repo
in-rolls/indian-politician-bios,https://github.com/in-rolls/indian-politician-bios,politician bios,India,,in repo
in-rolls/poll-station-metadata,https://github.com/in-rolls/poll-station-metadata,polling stations,India,2018,
in-rolls/polling_stations_bihar_2025,https://github.com/in-rolls/polling_stations_bihar_2025,polling stations,Bihar,2025,in repo
in-rolls/polling_stations_up,https://github.com/in-rolls/polling_stations_up,polling stations,Uttar Pradesh,,in repo
in-rolls/ration_bihar_2022,https://github.com/in-rolls/ration_bihar_2022,ration cards,Bihar,2022,Dataverse CAVZMQ
in-rolls/ration_raj_2021,https://github.com/in-rolls/ration_raj_2021,ration cards,Rajasthan,2021,Dataverse FIFZEX
in-rolls/secc,https://github.com/in-rolls/secc,SECC,India,2011,Dataverse LIIBNB; in repo
notnews/digital-tv-coverage-in-uk,https://github.com/notnews/digital-tv-coverage-in-uk,digital TV coverage,UK,,Dataverse NRY5OP
notnews/top10,https://github.com/notnews/top10,news top-10 lists,US,still collecting,Dataverse OTJMYQ; in repo
notnews/archive_news_cc,https://github.com/notnews/archive_news_cc,TV closed captions,US,2009-2023,Dataverse OAJJHI
notnews/stanford_tv_news,https://github.com/notnews/stanford_tv_news,TV news,US,,in repo
notnews/vandy_tv_news_abstracts,https://github.com/notnews/vandy_tv_news_abstracts,TV news abstracts,US,,Dataverse BP2JXU
notnews/tv_schedules,https://github.com/notnews/tv_schedules,TV schedules,US,,in repo
notnews/cnn_transcripts,https://github.com/notnews/cnn_transcripts,TV transcripts,US,2000-2025,Dataverse ISDPJU
notnews/fox_news_transcripts,https://github.com/notnews/fox_news_transcripts,TV transcripts,US,2003-2025,Dataverse Q2KIES
notnews/msnbc_transcripts,https://github.com/notnews/msnbc_transcripts,TV transcripts,US,2008-2022,Dataverse ND1TCV; Dataverse UPJDE1
notnews/nbc_transcripts,https://github.com/notnews/nbc_transcripts,TV transcripts,US,2008-2014,Dataverse ND1TCV
outside-edge/get-cricket-data,https://github.com/outside-edge/get-cricket-data,cricket matches,World,,in repo
outside-edge/icc-ratings,https://github.com/outside-edge/icc-ratings,ICC ratings,World,,
public-salaries/in_salaries,https://github.com/public-salaries/in_salaries,public salaries,Indiana,,
public-salaries/ny_salaries,https://github.com/public-salaries/ny_salaries,public salaries,New York,,
public-salaries/oh_salaries,https://github.com/public-salaries/oh_salaries,public salaries,Ohio,,in repo
public-salaries/public_salaries,https://github.com/public-salaries/public_salaries,public salaries,US,,Dataverse KA3TS8; in repo
recite/retracted_article_database,https://github.com/recite/retracted_article_database,retracted articles,World,,in repo
soodoku/biocong,https://github.com/soodoku/biocong,congress bios,US,105th-115th,Dataverse NZPPJM; in repo
soodoku/nga,https://github.com/soodoku/nga,governors,US,2012,in repo
soodoku/military-experience,https://github.com/soodoku/military-experience,leaders military service,US/UK,,in repo
themains/ookla_netindex,https://github.com/themains/ookla_netindex,internet speed,World,,Dataverse UL7NYU; in repo
