repo,reviewed_commit,status,pull_request,merge_commit
in-rolls/anusuchi,c699b50cf48e97180348eb52e21f6d9bf42feaae,already_without_package_ci,,
in-rolls/ac_shape_files,9f9c78564a8190ac6db05081f68b494032b259a1,already_without_package_ci,,
in-rolls/electoral_rolls,3bbaccdc2c4f2e9b3a7a2a14b39c113b4f753777,already_without_package_ci,,
in-rolls/electoral_rolls_assam_2026,1bc344b5bb126ab28e0da9e1608bdaf2ee72e998,simplified,https://github.com/in-rolls/electoral_rolls_assam_2026/pull/2,64812c582ae8768829959f344bc3c278320921c4
in-rolls/electoral_rolls_bihar_2020,3bd6121822993cf86acd18a8b6bcacac7939ccba,already_without_package_ci,,
in-rolls/electoral_rolls_up_2023,f03d66f70029c0accc3f8a50d85fd95064557b6a,already_without_package_ci,,
in-rolls/delim_raj,e15be5e588b1cb357adbeabbf0bf78162918a1a1,already_without_package_ci,,
in-rolls/gs_meetings,9933d6b1e9a85aad4237122b025e272d13cb0c50,simplified,https://github.com/in-rolls/gs_meetings/pull/17,f4475a9e30e5a83ffec509d9d8e30443e49d8bf7
in-rolls/ror_bihar_2022,81e4b172758c99b466fa0f7a1596e78c89fa70e4,already_without_package_ci,,
in-rolls/ror_odisha_2026,36d20b34022ee8dee536f26d0abcef93e33e5ac0,already_without_package_ci,,
in-rolls/ror_raj_2026,c824027ae82424fbd96bf3b14c88de7ca66d743f,simplified,https://github.com/in-rolls/ror_raj_2026/pull/1,4ac032d3da94a77940d3448e5b4d5c7cce4cec47
in-rolls/local_elections_bihar,0369873407c5acd4884e6bf2ada48d788632709a,simplified,https://github.com/in-rolls/local_elections_bihar/pull/9,c8a0d65dc9f1e21e114993927f0e5719d0f6e085
in-rolls/local_elections_haryana,bfae31dab324808191babfbb0a84cac5470a4d15,simplified,https://github.com/in-rolls/local_elections_haryana/pull/7,96f7e828de673b0bd753f76985530aa08f251876
in-rolls/local_elections_kerala,90a97c829a016988bc173bec46c823c082937c49,simplified,https://github.com/in-rolls/local_elections_kerala/pull/4,eed50c2a483b8c8f8837f44c2676f464e1c8a62c
in-rolls/local_elections_rajasthan,ed6e6c50269276131d988fa513fb5107fa24588f,simplified,https://github.com/in-rolls/local_elections_rajasthan/pull/8,d1ee75620c9232272b530c56c844521383256e5c
in-rolls/local_elections_up,c9626102b1ad4f165dfb136749b5f6a00ebd9ebc,simplified,https://github.com/in-rolls/local_elections_up/pull/10,bd8e2f47755ca2c8d19ead119d8d81a682e85997
in-rolls/local_elections_uttarakhand,0e2f69a2ffdf1bd11a495f33ea69ad51b88dfbf7,simplified,https://github.com/in-rolls/local_elections_uttarakhand/pull/14,ff6efb7aed50aed9d4637f58876d8b221bd5d5c7
in-rolls/local_elections,010ff38a8435924e85939fe59a38616ca458b3bb,simplified,https://github.com/in-rolls/local_elections/pull/18,b83d66a7796d1a9effdaf4a75f8dc974ca6f6e73
in-rolls/mnrega,5179fea0d72fbc0d2926ac12ea62dc75d0d41f03,already_without_package_ci,,
in-rolls/mnrega_social,4115e3590bee9c608abe3b92f12acc7109f28f4c,already_without_package_ci,,
in-rolls/mplads,65d00f86e9f65d4c719646313721f8da9935e8e1,already_without_package_ci,,
in-rolls/pai,3a5e4044b9b6d80babb1bfce3ec36e41a16bb065,simplified,https://github.com/in-rolls/pai/pull/8,ba323a56c3e35a3033ab1733f513d49b5bcd3e22
in-rolls/indian-politician-bios,9f3cac194f65cd1727f75d13a2f8f7aca1830279,already_without_package_ci,,
in-rolls/poll-station-metadata,ac55912aa790e79df22e9f74013ae0bb17696813,already_without_package_ci,,
in-rolls/polling_stations_bihar_2025,93267aa488066949904248c0d11abbcb38f66dfd,already_without_package_ci,,
in-rolls/polling_stations_up,82c59261dc945a9e36a06c943606716967adc030,already_without_package_ci,,
in-rolls/ration_bihar_2022,175e24f7d7a8103ef8056719518c1d7f6bc58b1c,already_without_package_ci,,
in-rolls/ration_raj_2021,d0e460da508000ddaf09d65c835e9e237878aa18,already_without_package_ci,,
in-rolls/secc,9942e502230b86a274be3c26e7987d4e320f8c8e,already_without_package_ci,,
notnews/digital-tv-coverage-in-uk,9c4e95aaa41099d0528528bbb8a4e78abc8670e0,already_without_package_ci,,
notnews/top10,1e2fc7408d1845f5a2d9efc16be38f2d4e6d5b83,simplified,https://github.com/notnews/top10/pull/2,6bc0935743459d4dda22dc596d9b8d0690884c65
notnews/archive_news_cc,3c16dd79646f1a1b3657b44d90ba59dec0877621,simplified,https://github.com/notnews/archive_news_cc/pull/5,b10f356c152642b37bf48e7cd85b4b4da6cc228a
notnews/stanford_tv_news,9fef180affd4a3139d83420516a26ac30d53ccd6,already_without_package_ci,,
notnews/vandy_tv_news_abstracts,752a8361fe4e0c1f7fb8622c7c88f0ecd41b15b8,simplified,https://github.com/notnews/vandy_tv_news_abstracts/pull/4,d53caae26bd0ccf4ac859ac3e2e0974efef86c18
notnews/tv_schedules,d1d09c77660cb48820594186797843df9b3a2d01,already_without_package_ci,,
notnews/cnn_transcripts,063a369decd3acd8c1f3d82d14cea6403056138c,simplified,https://github.com/notnews/cnn_transcripts/pull/4,9d60a5eebf7e7bd47eb4e4ff46ed4ed80fc6137a
notnews/fox_news_transcripts,67686d788346cee536b1f0d0cb5d0599031228d3,simplified,https://github.com/notnews/fox_news_transcripts/pull/3,62a070a615d0445ce625f17388e05c01adbae18d
notnews/msnbc_transcripts,8971acd9a5f3e94bcd01d7c6758276558a57b3fa,simplified,https://github.com/notnews/msnbc_transcripts/pull/4,1889079bb3dea02e834700ed34cf5450548a0042
notnews/nbc_transcripts,a50a7d62a3b820a6ca68575fcf4b4a0d8f07c6cf,simplified,https://github.com/notnews/nbc_transcripts/pull/4,8c59b4c54c44b854a641dc2fc8789ffb5e078627
outside-edge/get-cricket-data,3b67695cc22456358c780ef99a2f6bd75e7516ef,already_without_package_ci,,
public-salaries/in_salaries,4bd1b692687264e2cad3080cf48d282537bd9942,already_without_package_ci,,
public-salaries/ny_salaries,85d9818cb9cedc1fc07ae1a920b8ff771f323cb9,already_without_package_ci,,
public-salaries/oh_salaries,b5c762f36a83c28cd9d8803ce3d8862996b84957,already_without_package_ci,,
public-salaries/public_salaries,580658184272dc028ec252ab14b76095e4ddda15,already_without_package_ci,,
recite/retracted_article_database,ba053c56d96e4c7746ab026ea30774744ce3e7e2,already_without_package_ci,,
soodoku/biocong,ef63e5cafa6cf3aeea5b0ca988a510758f463a39,already_without_package_ci,,
soodoku/nga,7573bb70b6740c9d6e35007b8fe90bfcb4a1abc3,already_without_package_ci,,
soodoku/military-experience,3d046fb28adc34776a0c95d539926920598d2c72,already_without_package_ci,,
themains/ookla_netindex,3018fc6b026d50fb60b484a50812233acfd5f1a6,already_without_package_ci,,
